trajectory,condition,controller,episodes,mean_error_m,mean_error_m_sd,rmse_m,rmse_m_sd,max_error_m,max_error_m_sd,p95_error_m,p95_error_m_sd,within_3cm_pct,within_3cm_pct_sd,within_5cm_pct,within_5cm_pct_sd,mean_action_change,mean_action_change_sd,mean_command_change_rad,mean_command_change_rad_sd,mean_command_second_difference_rad,mean_command_second_difference_rad_sd,mean_joint_speed_rad_s,mean_joint_speed_rad_s_sd,max_joint_speed_rad_s,max_joint_speed_rad_s_sd,command_limit_pct,command_limit_pct_sd,joint_limit_pct,joint_limit_pct_sd,action_clip_pct,action_clip_pct_sd,closest_distance_m,closest_distance_m_sd,mean_inference_ms,mean_inference_ms_sd
circle,clean,ik,5,0.0005836842542465742,0.0,0.000670865188098809,0.0,0.003497591156553987,4.84869951806108e-19,0.0006598182745694675,0.0,100.0,0.0,100.0,0.0,0.00014113710354201454,0.0,0.0010113421275509714,0.0,5.645484141680621e-06,0.0,0.09899103663950166,0.0,0.12393103121832885,1.5515838457795457e-17,0.0,0.0,0.0,0.0,0.0,0.0,0.0003911901006146002,0.0,0.0789230904658325,0.0012049415718184853
circle,observation_noise,ik,5,0.0007113479427360865,2.4557221159545544e-05,0.0008073978359603464,3.147363429131966e-05,0.0035876841252080543,0.00010844570774831915,0.0011234577018603663,5.453384503685186e-05,100.0,0.0,100.0,0.0,0.011189174694402315,8.840532018103643e-05,0.0010488214426770566,1.9219434318983905e-06,0.0004475669877760923,3.5362128072419843e-06,0.09916840454014833,9.476089881196043e-05,0.1407265021894791,0.0014572356263755437,0.0,0.0,0.0,0.0,0.0,0.0,0.00010562189605292272,4.7885504507697324e-05,0.07892341027618385,0.0009608333182685711
circle,action_noise,ik,5,0.005675738718842645,0.0004571631991413384,0.006249099862053979,0.0005168126355600636,0.01411226441045288,0.0021441635313711564,0.010601302683586483,0.0010917293682627725,100.0,0.0,100.0,0.0,0.1805441605451494,0.00140895014769816,0.005202991577684286,3.0289642263471828e-05,0.007221766421805978,5.635800590792558e-05,0.1490040094336463,0.0016601265988421168,0.3077357874269705,0.04074794349050994,0.0,0.0,0.0,0.0,0.0,0.0,0.0003179371231036299,0.00017781613929959843,0.08072297972394153,0.0023384569981861024
circle,noise,ik,5,0.005695575209351511,0.0004498998957258316,0.00626674719410107,0.0005185195270813153,0.014289701128181046,0.0020592997473820817,0.010622713663966868,0.0010526680150099257,100.0,0.0,100.0,0.0,0.18096328446777005,0.0013047335345565212,0.0052142114707985025,2.9086906346242113e-05,0.007238531378710803,5.218934138226083e-05,0.1491833492756761,0.001702597701742534,0.30483044632403444,0.04035309322152181,0.0,0.0,0.0,0.0,0.0,0.0,0.00035291266360279146,0.00014335442913311532,0.08558163010166027,0.0037109945428003117
circle,unreachable,ik,5,0.2229201276249754,0.0,0.2589757156847594,0.0,0.8550286334549828,0.0,0.5279227069592013,0.0,0.0,0.0,0.0,0.0,0.0010104377586072164,0.0,0.0017698255363471044,0.0,4.041751034428866e-05,0.0,0.16435393239837193,0.0,1.6495256303237114,2.482534153247273e-16,0.0,0.0,0.0,0.0,0.0,0.0,0.11915368136997925,0.0,0.08347677998826838,0.002269059871813714
circle,stress,ik,5,0.2068561797452811,0.03218123856050109,0.2460287555937466,0.026904940855720705,0.8389090772203518,0.03150451539049526,0.5133443692988002,0.03464933047432195,0.0,0.0,0.0,0.0,0.18195095273324682,0.0013653626217621936,0.006236473507059409,2.7517594670278658e-05,0.007278038109329875,5.461450487048666e-05,0.24859916603603952,0.001974296063627124,1.68202540087829,0.05204509324325128,0.0,0.0,0.0,0.0,0.0,0.0,0.10260212571623113,0.03283342623979305,0.0834718900208827,0.0014213775576482365
assembly,clean,ik,5,0.001790022311244419,0.0,0.0021342966884835427,0.0,0.004016857512633501,0.0,0.0037531458405296444,4.84869951806108e-19,100.0,0.0,100.0,0.0,0.000519340409294152,0.0,0.0010415678160410396,0.0,2.0773616371766197e-05,0.0,0.10102831634371538,1.5515838457795457e-17,0.31530506739758585,0.0,0.0,0.0,0.0,0.0,0.0,0.0,2.0258435196084896e-06,0.0,0.09218812017352321,0.004886696787912918
assembly,observation_noise,ik,5,0.0018517823938177774,1.780369676130274e-05,0.002156581620483499,2.893896284317204e-05,0.00426687187098408,0.00019072732483013823,0.0037414282451375706,7.548097798869402e-05,100.0,0.0,100.0,0.0,0.011326969345164039,8.891194433554505e-05,0.0011421900217078347,2.3499228612953286e-06,0.00045307877380656195,3.5564777734223377e-06,0.1019756378801168,0.0002520113702942896,0.3197972772914931,0.004234709206487668,0.0,0.0,0.0,0.0,0.0,0.0,0.00010200871933084222,3.979551012950358e-05,0.08906385962618515,0.0012530418398212552
assembly,action_noise,ik,5,0.005865071580102412,0.0005683430976207004,0.00642333348315854,0.0005560468704463161,0.014574720165298566,0.0011247021856141959,0.010664692960432692,0.000854036132421167,100.0,0.0,100.0,0.0,0.1805450469888536,0.0014085660468120844,0.005279180428011939,3.0917316481502947e-05,0.0072218018795541464,5.634264187248315e-05,0.16452928875675962,0.0018221377458964689,0.4106219034868941,0.028915510554575072,0.0,0.0,0.0,0.0,0.0,0.0,0.0002246715336397587,5.995978347985862e-05,0.08927341012167744,0.0006563019119612049
assembly,noise,ik,5,0.005870488401159164,0.0005600463152724351,0.006431863737047743,0.0005547374082512371,0.014478410153470078,0.0010546674566200363,0.010719859625432045,0.0009362712259484482,100.0,0.0,100.0,0.0,0.18100263485293025,0.0013007626702782101,0.005291156143012891,2.9471311496520512e-05,0.007240105394117208,5.203050681113293e-05,0.1647270006517491,0.0019637171118723883,0.41396514498289855,0.03014170812208854,0.0,0.0,0.0,0.0,0.0,0.0,0.00019836368259688666,3.993499328247854e-05,0.08888653013855219,0.0003902550586830634
assembly,unreachable,ik,5,0.22052999021604797,0.0,0.2537898861422354,0.0,0.855029489640161,0.0,0.5360928171742181,0.0,0.0,0.0,0.0,0.0,0.0010976182008065989,0.0,0.0018668720042831378,2.42434975903054e-19,4.390472803226382e-05,0.0,0.17409570942567298,0.0,1.6420635047351966,0.0,0.0,0.0,0.0,0.0,0.0,0.0,0.15771961640371784,0.0,0.09096323056146502,0.0005965879130915933
assembly,stress,ik,5,0.20441253151621952,0.03220868752683257,0.24067541876032333,0.027347194186770063,0.8389115588997346,0.03151230270561614,0.5215196441300932,0.0354270551895124,0.0,0.0,0.0,0.0,0.18195378602498657,0.0013717834864515196,0.006246315459884219,2.7317239459262047e-05,0.007278151440999463,5.487133945806027e-05,0.25328779109690613,0.0025729207257129973,1.6774417467688658,0.04985386707614938,0.0,0.0,0.0,0.0,0.0,0.0,0.14048052559466814,0.031317758456598316,0.08927830966422334,0.0018088220251723107
