controller,trajectory,condition,episode,seed,generalisation,mean_error_m,rmse_m,max_error_m,p95_error_m,within_3cm_pct,within_5cm_pct,mean_action_change,mean_command_change_rad,mean_command_second_difference_rad,mean_joint_speed_rad_s,max_joint_speed_rad_s,command_limit_pct,joint_limit_pct,action_clip_pct,closest_distance_m,total_reward,mean_inference_ms
ik,circle,clean,0,42,nominal,0.010027420156582529,0.010047868307736945,0.01024368813686754,0.010176323059324074,100.0,100.0,0.0001344687490246175,0.0009917581573377677,5.378749960984711e-06,0.09714694472092024,0.12296420881983812,0.0,0.0,0.0,0.00044231813394852044,,0.06836244970327243
ik,circle,clean,1,43,nominal,0.010027420156582529,0.010047868307736945,0.01024368813686754,0.010176323059324074,100.0,100.0,0.0001344687490246175,0.0009917581573377677,5.378749960984711e-06,0.09714694472092024,0.12296420881983812,0.0,0.0,0.0,0.00044231813394852044,,0.06803809935809113
ik,circle,clean,2,44,nominal,0.010027420156582529,0.010047868307736945,0.01024368813686754,0.010176323059324074,100.0,100.0,0.0001344687490246175,0.0009917581573377677,5.378749960984711e-06,0.09714694472092024,0.12296420881983812,0.0,0.0,0.0,0.00044231813394852044,,0.06783889982034452
ik,circle,clean,3,45,nominal,0.010027420156582529,0.010047868307736945,0.01024368813686754,0.010176323059324074,100.0,100.0,0.0001344687490246175,0.0009917581573377677,5.378749960984711e-06,0.09714694472092024,0.12296420881983812,0.0,0.0,0.0,0.00044231813394852044,,0.06787179977982305
ik,circle,clean,4,46,nominal,0.010027420156582529,0.010047868307736945,0.01024368813686754,0.010176323059324074,100.0,100.0,0.0001344687490246175,0.0009917581573377677,5.378749960984711e-06,0.09714694472092024,0.12296420881983812,0.0,0.0,0.0,0.00044231813394852044,,0.06844524992629886
clean_sac,circle,clean,0,42,nominal,0.0017159455986359316,0.0027885920766034873,0.006915487690939033,0.006751745555648891,100.0,100.0,0.003163164251708173,0.002451917204623778,0.00012652657006832717,0.22931537344626002,1.2243695780595403,0.0,0.0,0.0,3.0003952640694557e-05,963.8699721080086,0.28131675004260615
clean_sac,circle,clean,1,43,nominal,0.0017159455986359316,0.0027885920766034873,0.006915487690939033,0.006751745555648891,100.0,100.0,0.003163164251708173,0.002451917204623778,0.00012652657006832717,0.22931537344626002,1.2243695780595403,0.0,0.0,0.0,3.0003952640694557e-05,963.8699721080086,0.2711719504732173
clean_sac,circle,clean,2,44,nominal,0.0017159455986359316,0.0027885920766034873,0.006915487690939033,0.006751745555648891,100.0,100.0,0.003163164251708173,0.002451917204623778,0.00012652657006832717,0.22931537344626002,1.2243695780595403,0.0,0.0,0.0,3.0003952640694557e-05,963.8699721080086,0.2722491506719962
clean_sac,circle,clean,3,45,nominal,0.0017159455986359316,0.0027885920766034873,0.006915487690939033,0.006751745555648891,100.0,100.0,0.003163164251708173,0.002451917204623778,0.00012652657006832717,0.22931537344626002,1.2243695780595403,0.0,0.0,0.0,3.0003952640694557e-05,963.8699721080086,0.2740454004961066
clean_sac,circle,clean,4,46,nominal,0.0017159455986359316,0.0027885920766034873,0.006915487690939033,0.006751745555648891,100.0,100.0,0.003163164251708173,0.002451917204623778,0.00012652657006832717,0.22931537344626002,1.2243695780595403,0.0,0.0,0.0,3.0003952640694557e-05,963.8699721080086,0.2704835497424938
candidate_sac,circle,clean,0,42,nominal,0.035465910535100925,0.053182489448747275,0.1332242315957586,0.12197718301871797,62.3,73.0,0.0874122438189297,0.009064434300711502,0.0034964897527571866,0.7239828301345763,4.183795379241927,0.0,0.0,0.0,0.0011017957927049894,-95.79488326540047,0.2675765003368724
candidate_sac,circle,clean,1,43,nominal,0.035465910535100925,0.053182489448747275,0.1332242315957586,0.12197718301871797,62.3,73.0,0.0874122438189297,0.009064434300711502,0.0034964897527571866,0.7239828301345763,4.183795379241927,0.0,0.0,0.0,0.0011017957927049894,-95.79488326540047,0.27277824920020066
candidate_sac,circle,clean,2,44,nominal,0.035465910535100925,0.053182489448747275,0.1332242315957586,0.12197718301871797,62.3,73.0,0.0874122438189297,0.009064434300711502,0.0034964897527571866,0.7239828301345763,4.183795379241927,0.0,0.0,0.0,0.0011017957927049894,-95.79488326540047,0.28386550073628314
candidate_sac,circle,clean,3,45,nominal,0.035465910535100925,0.053182489448747275,0.1332242315957586,0.12197718301871797,62.3,73.0,0.0874122438189297,0.009064434300711502,0.0034964897527571866,0.7239828301345763,4.183795379241927,0.0,0.0,0.0,0.0011017957927049894,-95.79488326540047,0.2701462989207357
candidate_sac,circle,clean,4,46,nominal,0.035465910535100925,0.053182489448747275,0.1332242315957586,0.12197718301871797,62.3,73.0,0.0874122438189297,0.009064434300711502,0.0034964897527571866,0.7239828301345763,4.183795379241927,0.0,0.0,0.0,0.0011017957927049894,-95.79488326540047,0.27876444975845516
ik,circle,observation_noise,0,42,nominal,0.01001938405574272,0.010043199334222604,0.010891749942959394,0.010546578576753163,100.0,100.0,0.011180819408268972,0.0010331486035724238,0.0004472327763307607,0.09734195399303375,0.13915519931861808,0.0,0.0,0.0,0.00044947902985787813,,0.07126230010180734
ik,circle,observation_noise,1,43,nominal,0.009962010764898612,0.009984635480686429,0.010653224833500043,0.010439415956652046,100.0,100.0,0.011172322194741895,0.001031186212219902,0.000446892887789673,0.09736217762019968,0.13763963111687766,0.0,0.0,0.0,0.0004441609945277382,,0.07050454933778383
ik,circle,observation_noise,2,44,nominal,0.010044966711802144,0.010068866683236461,0.010788165079319413,0.010554071303211357,100.0,100.0,0.011231983983085898,0.0010325053619763811,0.00044927935932343463,0.09746161480877433,0.13968481355598017,0.0,0.0,0.0,0.00043975759006072417,,0.07114134985022247
ik,circle,observation_noise,3,45,nominal,0.009978299338857455,0.010004237324397215,0.010712197976733479,0.010522163661896636,100.0,100.0,0.011260538214877183,0.0010299185228276097,0.0004504215285950898,0.09718127046655221,0.14219515002467953,0.0,0.0,0.0,0.0004340593918617673,,0.07706999991205521
ik,circle,observation_noise,4,46,nominal,0.010019941972713031,0.010044051222908523,0.011110952317477558,0.010590486066558106,100.0,100.0,0.011036888500262606,0.0010283396145053024,0.0004414755400105054,0.09727087664261963,0.14151817417228632,0.0,0.0,0.0,0.0004413319686769908,,0.06902615094440989
clean_sac,circle,observation_noise,0,42,nominal,0.0030459641206505438,0.003792500227674809,0.01032381428029443,0.007786426688901153,100.0,100.0,0.7591458886851018,0.020125308729277244,0.03036583554740407,0.3118118988790815,1.20118248149412,0.0,0.0,0.0,0.000201599163932814,898.0286038771883,0.3084613493992947
clean_sac,circle,observation_noise,1,43,nominal,0.0030420217165854475,0.0037599794171687124,0.009533876262227237,0.00751332338122022,100.0,100.0,0.7486843785377169,0.019820159654618866,0.029947375141508675,0.3091616810736417,1.2422579357838905,0.0,0.0,0.0,0.00013814140851313883,898.6837873373256,0.3182827999407891
clean_sac,circle,observation_noise,2,44,nominal,0.003036393687746273,0.003803045030343438,0.010183730832908883,0.007713669482454458,100.0,100.0,0.7596285211766793,0.02001529789055904,0.03038514084706718,0.3105858917317282,1.2734380357618047,0.0,0.0,0.0,0.000124895030211633,898.2581646692645,0.2917704500432592
clean_sac,circle,observation_noise,3,45,nominal,0.0031644057263733698,0.003898629176715556,0.010803196104135066,0.007682308882759868,100.0,100.0,0.7546975830336793,0.01992693783623674,0.030187903321347173,0.30737271754385814,1.231368990032382,0.0,0.0,0.0,0.00020534516877943298,895.9457677979794,0.27933099889196455
clean_sac,circle,observation_noise,4,46,nominal,0.0031359683725863947,0.0038915813730344235,0.010455039642335415,0.007966278068770581,100.0,100.0,0.748594131747606,0.019924865337690067,0.029943765269904245,0.3100854236325863,1.2035318552809395,0.0,0.0,0.0,2.7052059367417572e-05,896.7542637622577,0.2736260495148599
candidate_sac,circle,observation_noise,0,42,nominal,0.034981919531969864,0.053291164954692896,0.13655608044160267,0.12375547659093203,63.1,74.3,0.6640426546937586,0.01804469754254955,0.026561706187750347,0.6309139595757131,2.95764627974802,0.0,0.0,0.0,0.0012670718435196253,-105.48427351757371,0.27573945085168816
candidate_sac,circle,observation_noise,1,43,nominal,0.03437079183499298,0.05173560753100289,0.12982292241877805,0.11927952609709894,62.7,73.85000000000001,0.6874327336327902,0.018836474087071085,0.027497309345311607,0.6840084440095052,3.5523033927977847,0.0,0.0,0.0,0.001238975305502838,-98.69939997672586,0.27978380100103095
candidate_sac,circle,observation_noise,2,44,nominal,0.03369798624291206,0.04972504371480396,0.12123113091908211,0.10439272095845963,62.64999999999999,73.75,0.6876509393340258,0.019011885641160353,0.02750603757336103,0.7089640015760672,4.107948867809365,0.0,0.0,0.0,0.0010816956020171075,-85.88963325533447,0.2917869004304521
candidate_sac,circle,observation_noise,3,45,nominal,0.034234953183427175,0.051508759886731065,0.1325790822122303,0.12144486507976207,62.150000000000006,73.9,0.6835695921528359,0.018676448063854354,0.027342783686113436,0.6623951606372548,3.526252233038936,0.0,0.0,0.0,0.0010448079958092996,-101.20486170785864,0.2800908003409859
candidate_sac,circle,observation_noise,4,46,nominal,0.03419907130477133,0.05160358511558245,0.1340273006793679,0.11785059851762714,62.55,74.6,0.6663988283346765,0.01864874786083597,0.026655953133387058,0.6950032928763396,3.939693511481073,0.0,0.0,0.0,0.001221613386929119,-95.85175974498425,0.27380789956077933
ik,circle,action_noise,0,42,nominal,0.011712210609738646,0.012318898437005779,0.020388132104317044,0.018147830085034556,100.0,100.0,0.1793860438425081,0.005207555524145378,0.007175441753700321,0.1486968866649447,0.2768596086414652,0.0,0.0,0.0,0.0005077860288065121,,0.07141205031075515
ik,circle,action_noise,1,43,nominal,0.01171193544737873,0.0121290380842654,0.0226091167782468,0.017023768478524694,100.0,100.0,0.1787586070101396,0.005152848131596148,0.0071503442804055845,0.14600737178239379,0.291753874513668,0.0,0.0,0.0,0.00041277389934068316,,0.06904520082753152
ik,circle,action_noise,2,44,nominal,0.01099675341260233,0.011355217237570802,0.018411111831447557,0.015246011928294027,100.0,100.0,0.1811871820892418,0.005190654061868884,0.0072474872835696785,0.14800921129351863,0.3682418388681756,0.0,0.0,0.0,0.00045956691185448614,,0.06880394945619628
ik,circle,action_noise,3,45,nominal,0.011048172011271392,0.011517055176701046,0.019949137178504613,0.01682378287999942,100.0,100.0,0.1812660316482425,0.00521738388613945,0.007250641265929701,0.15020961004887542,0.27182135767651994,0.0,0.0,0.0,0.00036934216499540426,,0.06967005002661608
ik,circle,action_noise,4,46,nominal,0.011853242334784988,0.012400314183209473,0.02537878446008837,0.01776113114602867,100.0,100.0,0.18211811297511507,0.005232710174097104,0.007284724519004605,0.147302657092859,0.3348952864855711,0.0,0.0,0.0,0.000474390839500454,,0.06906139996135607
clean_sac,circle,action_noise,0,42,nominal,0.0018915556252237513,0.0028973716423449274,0.008416230745242193,0.0067482316893374816,100.0,100.0,0.22612069943161453,0.006700582642244283,0.009044827977264582,0.25185249342109955,1.2146586678559619,0.0,0.0,0.0,3.234117193451374e-05,949.270063210296,0.2993274497857783
clean_sac,circle,action_noise,1,43,nominal,0.0017952084686247874,0.0027545763556395047,0.00831026125335892,0.006728288920862626,100.0,100.0,0.22430151893809672,0.006661948919667671,0.008972060757523869,0.25225943750882995,1.2477747737472544,0.0,0.0,0.0,2.3027533416296144e-05,951.288276535129,0.2704310503031593
clean_sac,circle,action_noise,2,44,nominal,0.001700877040218634,0.0026440822829217206,0.008446031401225863,0.006527495677492501,100.0,100.0,0.2283413582519809,0.006720957320562357,0.009133654330079238,0.25609583662839974,1.2451345327583763,0.0,0.0,0.0,3.4733259101848274e-05,952.9761345320101,0.2728317502187565
clean_sac,circle,action_noise,3,45,nominal,0.0017750366329855702,0.002743613981776924,0.007464379586043102,0.006679894834284982,100.0,100.0,0.22734189029386404,0.006694635988471554,0.009093675611754563,0.24698170521430823,1.237358530032262,0.0,0.0,0.0,2.2279128313596644e-05,951.5643103238696,0.2689428003213834
clean_sac,circle,action_noise,4,46,nominal,0.001918476989392506,0.002915833626378784,0.007607843089573169,0.006638741466285684,100.0,100.0,0.22770508197511555,0.006710517568882318,0.009108203279004625,0.25379058012621186,1.2389610586778868,0.0,0.0,0.0,5.2518701479336967e-05,948.6594169884517,0.2779416996636428
candidate_sac,circle,action_noise,0,42,nominal,0.034709506216079454,0.05151509598515143,0.12544411443743406,0.10899065336229304,62.6,73.3,0.4466897613218131,0.014242951057877047,0.01786759045287252,0.7245368050880173,4.021065396271883,0.0,0.0,0.0,0.0010502117970359272,-94.62826391357618,0.2908460496983025
candidate_sac,circle,action_noise,1,43,nominal,0.03441049527313993,0.05104740725316554,0.12524092932602884,0.10783733982292341,62.55,73.35000000000001,0.44334470855832636,0.014049543713695831,0.017733788342333058,0.7199624412952162,4.0727830163459595,0.0,0.0,0.014285714285714284,0.0011793387319068815,-88.90839054456984,0.29489665062283166
candidate_sac,circle,action_noise,2,44,nominal,0.034171134308169857,0.051495542664544584,0.12908510157863987,0.11873291756104293,62.849999999999994,73.65,0.43254732747443175,0.01348753253304195,0.017301893098977273,0.6851648183198901,3.7364973925367866,0.0,0.0,0.0,0.001075300946123083,-80.33867516553522,0.281043600756675
candidate_sac,circle,action_noise,3,45,nominal,0.03456297621821349,0.051287670681177254,0.12468444429266459,0.11005548986274376,62.25000000000001,73.45,0.4508333213624596,0.014222320662686382,0.018033332854498384,0.7219707838495449,4.072910583244573,0.0,0.0,0.014285714285714284,0.0010645709617403422,-95.3479591178104,0.28333870047936216
candidate_sac,circle,action_noise,4,46,nominal,0.035533715746723454,0.05322192681716845,0.13206818992315558,0.12104819164296643,62.1,73.35000000000001,0.4450184871213809,0.014278735283583442,0.017800739484855235,0.7359948565319128,4.154534829472006,0.0,0.0,0.0,0.0011264520142634646,-116.08641177417992,0.28626664966577664
ik,circle,noise,0,42,nominal,0.01171362274652268,0.012322628648048763,0.02056548225501216,0.018080461722411127,100.0,100.0,0.17984184593203237,0.005220584428119712,0.00719367383728129,0.14888717064170046,0.27577089835087376,0.0,0.0,0.0,0.0005134726816292239,,0.07108259928645566
ik,circle,noise,1,43,nominal,0.011659405773889384,0.012082117055939576,0.022223833764325785,0.01696561048324535,100.0,100.0,0.1792960031500533,0.005164295978164165,0.007171840126002133,0.14606082284627672,0.29027270827504303,0.0,0.0,0.0,0.00041575849515798223,,0.07325540034798905
ik,circle,noise,2,44,nominal,0.011013671222683598,0.011376452158674454,0.018457582293746992,0.015317071070949394,100.0,100.0,0.1816662296765752,0.005203701052303245,0.00726664918706301,0.14832577431695784,0.3625194470536596,0.0,0.0,0.0,0.0004571569842078911,,0.06950075019267388
ik,circle,noise,3,45,nominal,0.010999728566434684,0.011472484739881507,0.01998822975596794,0.016525376359676488,100.0,100.0,0.1817403592183961,0.005230019490129288,0.007269614368735845,0.1503269617290688,0.2626887231395509,0.0,0.0,0.0,0.0003622636263672097,,0.07138724974356592
ik,circle,noise,4,46,nominal,0.011856199816565162,0.012391841482371648,0.02557509996645647,0.01762002543777816,100.0,100.0,0.1822689484217936,0.005238563556276096,0.007290757936871745,0.14745792585165893,0.3342832170233263,0.0,0.0,0.0,0.0004729881645520352,,0.07240265014115721
clean_sac,circle,noise,0,42,nominal,0.0030720226121325185,0.003813703606837668,0.010747245887686841,0.007718429609929021,100.0,100.0,0.7955883226135592,0.021132079144926735,0.031823532904542366,0.3246946406704319,1.3042960184738068,0.0,0.0,0.007142857142857142,0.00022385825522668761,895.5205859990031,0.2826023494708352
clean_sac,circle,noise,1,43,nominal,0.0030920756557596975,0.0038161583999646097,0.010819146881340717,0.0075677368739267325,100.0,100.0,0.787539640351483,0.020900837758991295,0.03150158561405933,0.3260000805713456,1.2756846337068828,0.0,0.0,0.014285714285714284,8.752936267201482e-05,895.5544822301083,0.3065217998228036
clean_sac,circle,noise,2,44,nominal,0.0030291971559009436,0.0037737819865970496,0.011453295282936694,0.0075131850668154,100.0,100.0,0.7955338300746089,0.020951165556963438,0.031821353202984355,0.32778525841751516,1.2763506571404188,0.0,0.0,0.0,8.7346859925845e-05,896.4635503836801,0.302966099960031
clean_sac,circle,noise,3,45,nominal,0.003188354012647526,0.003943664153663626,0.011811459551640015,0.0080353512476587,100.0,100.0,0.784357026170758,0.0208118255485167,0.03137428104683032,0.32149385021790144,1.2369888011149404,0.0,0.0,0.0,0.00016863889042448713,893.809738225525,0.29515660015749745
clean_sac,circle,noise,4,46,nominal,0.0032568261690709218,0.004061951553093473,0.010901511126592848,0.008265925388102857,100.0,100.0,0.7785922360877048,0.02081394458932425,0.031143689443508194,0.3254261357354045,1.1858799384967427,0.0,0.0,0.007142857142857142,4.3725973732375946e-05,892.6619626089405,0.3122997000464238
candidate_sac,circle,noise,0,42,nominal,0.03722073536531334,0.05867874339415148,0.1593013663969042,0.14216793771206657,63.14999999999999,74.55000000000001,0.7676917451539921,0.019220625606443286,0.030707669806159684,0.5587826459215967,1.8068782944282327,0.0,0.0,0.0,0.0012188226399048566,-154.3502552074913,0.324337100260891
candidate_sac,circle,noise,1,43,nominal,0.03605778595999152,0.055432105956035205,0.14392873565590533,0.1287890356794932,62.8,74.0,0.7596617239783432,0.01940738436276603,0.030386468959133724,0.5903215716037048,2.1999471788977853,0.0,0.0,0.0,0.0011941504162296353,-134.42652348355455,0.3040695498639252
candidate_sac,circle,noise,2,44,nominal,0.034385255127588915,0.05175667281127705,0.13479778087812258,0.11906978518739585,62.7,73.95,0.7738218100505758,0.020617463603706403,0.030952872402023032,0.6861563407382953,3.5540871769608806,0.0,0.0,0.02142857142857143,0.0010550459536619926,-103.33901943713113,0.30116409991751425
candidate_sac,circle,noise,3,45,nominal,0.03671992176027904,0.05810704405736682,0.15922073588328423,0.1429015268836515,62.3,74.95,0.7881562719660749,0.019341376769486936,0.031526250878642983,0.5314079986873439,1.701024362330239,0.0,0.0,0.0,0.0010201079768041785,-153.65819046634192,0.3151553998759482
candidate_sac,circle,noise,4,46,nominal,0.03692586356197114,0.057592097603593476,0.1527786862735274,0.14144669682285263,62.45,74.25,0.7653096297980717,0.01927635198083889,0.030612385191922865,0.5731539437423535,1.9776211261137417,0.0,0.0,0.0,0.0012468935752954914,-155.4141403092499,0.3113565997336991
ik,circle,unreachable,0,42,nominal,0.2231697164305385,0.2591603437404369,0.855028637056906,0.5280000827471603,0.0,0.0,0.0010091242636996948,0.0017649160219566772,4.036497054798796e-05,0.163860891466581,1.6494304048956123,0.0,0.0,0.0,0.1196705257964994,,0.0729986498481594
ik,circle,unreachable,1,43,nominal,0.2231697164305385,0.2591603437404369,0.855028637056906,0.5280000827471603,0.0,0.0,0.0010091242636996948,0.0017649160219566772,4.036497054798796e-05,0.163860891466581,1.6494304048956123,0.0,0.0,0.0,0.1196705257964994,,0.07709394962876104
ik,circle,unreachable,2,44,nominal,0.2231697164305385,0.2591603437404369,0.855028637056906,0.5280000827471603,0.0,0.0,0.0010091242636996948,0.0017649160219566772,4.036497054798796e-05,0.163860891466581,1.6494304048956123,0.0,0.0,0.0,0.1196705257964994,,0.07237095039454289
ik,circle,unreachable,3,45,nominal,0.2231697164305385,0.2591603437404369,0.855028637056906,0.5280000827471603,0.0,0.0,0.0010091242636996948,0.0017649160219566772,4.036497054798796e-05,0.163860891466581,1.6494304048956123,0.0,0.0,0.0,0.1196705257964994,,0.07219594946946017
ik,circle,unreachable,4,46,nominal,0.2231697164305385,0.2591603437404369,0.855028637056906,0.5280000827471603,0.0,0.0,0.0010091242636996948,0.0017649160219566772,4.036497054798796e-05,0.163860891466581,1.6494304048956123,0.0,0.0,0.0,0.1196705257964994,,0.07507665010052733
clean_sac,circle,unreachable,0,42,nominal,0.45702907526389697,0.46329031786759367,0.8680361151298888,0.5466613885510311,0.0,0.0,0.04533140065364874,0.008016165837946078,0.0018548146762857422,0.5779357726363719,8.439425885663947,56.18571428571426,54.37142857142856,0.0,0.3713692061022403,-9184.124947400092,0.31937820036546327
clean_sac,circle,unreachable,1,43,nominal,0.45702907526389697,0.46329031786759367,0.8680361151298888,0.5466613885510311,0.0,0.0,0.04533140065364874,0.008016165837946078,0.0018548146762857422,0.5779357726363719,8.439425885663947,56.18571428571426,54.37142857142856,0.0,0.3713692061022403,-9184.124947400092,0.2904481005098205
clean_sac,circle,unreachable,2,44,nominal,0.45702907526389697,0.46329031786759367,0.8680361151298888,0.5466613885510311,0.0,0.0,0.04533140065364874,0.008016165837946078,0.0018548146762857422,0.5779357726363719,8.439425885663947,56.18571428571426,54.37142857142856,0.0,0.3713692061022403,-9184.124947400092,0.28821875038556755
clean_sac,circle,unreachable,3,45,nominal,0.45702907526389697,0.46329031786759367,0.8680361151298888,0.5466613885510311,0.0,0.0,0.04533140065364874,0.008016165837946078,0.0018548146762857422,0.5779357726363719,8.439425885663947,56.18571428571426,54.37142857142856,0.0,0.3713692061022403,-9184.124947400092,0.2895072990213521
clean_sac,circle,unreachable,4,46,nominal,0.45702907526389697,0.46329031786759367,0.8680361151298888,0.5466613885510311,0.0,0.0,0.04533140065364874,0.008016165837946078,0.0018548146762857422,0.5779357726363719,8.439425885663947,56.18571428571426,54.37142857142856,0.0,0.3713692061022403,-9184.124947400092,0.2883839496935252
candidate_sac,circle,unreachable,0,42,nominal,0.2845630535074363,0.3099599382932261,0.8538177806640633,0.5043160155493119,0.0,0.0,0.20364037652277542,0.02116197197900672,0.008026514698642614,1.3889462334527605,6.207402010203161,10.457142857142856,6.828571428571428,0.0,0.14037507688880846,-5716.763671840838,0.28505475018755533
candidate_sac,circle,unreachable,1,43,nominal,0.2845630535074363,0.3099599382932261,0.8538177806640633,0.5043160155493119,0.0,0.0,0.20364037652277542,0.02116197197900672,0.008026514698642614,1.3889462334527605,6.207402010203161,10.457142857142856,6.828571428571428,0.0,0.14037507688880846,-5716.763671840838,0.2870352501049638
candidate_sac,circle,unreachable,2,44,nominal,0.2845630535074363,0.3099599382932261,0.8538177806640633,0.5043160155493119,0.0,0.0,0.20364037652277542,0.02116197197900672,0.008026514698642614,1.3889462334527605,6.207402010203161,10.457142857142856,6.828571428571428,0.0,0.14037507688880846,-5716.763671840838,0.28851779928663746
candidate_sac,circle,unreachable,3,45,nominal,0.2845630535074363,0.3099599382932261,0.8538177806640633,0.5043160155493119,0.0,0.0,0.20364037652277542,0.02116197197900672,0.008026514698642614,1.3889462334527605,6.207402010203161,10.457142857142856,6.828571428571428,0.0,0.14037507688880846,-5716.763671840838,0.2829373504209798
candidate_sac,circle,unreachable,4,46,nominal,0.2845630535074363,0.3099599382932261,0.8538177806640633,0.5043160155493119,0.0,0.0,0.20364037652277542,0.02116197197900672,0.008026514698642614,1.3889462334527605,6.207402010203161,10.457142857142856,6.828571428571428,0.0,0.14037507688880846,-5716.763671840838,0.28819925017887726
ik,circle,stress,0,42,nominal,0.17786697029102533,0.21967516948900975,0.8022496117141906,0.46340358028094253,0.0,0.0,0.18074920512205,0.0062483631004306385,0.007229968204882,0.2500077806046159,1.6135788959820478,0.0,0.0,0.0,0.07415104558037706,,0.07179485022788867
ik,circle,stress,1,43,nominal,0.2267398011833171,0.26368954762985264,0.870840250207143,0.5423130488553274,0.0,0.0,0.1802574323365994,0.006195894496528508,0.007210297293463974,0.24798916485288153,1.6700832574446476,0.0,0.0,0.0,0.12203955308139335,,0.07201315107522532
ik,circle,stress,2,44,nominal,0.18022949547109968,0.22621956504520876,0.8182463398292825,0.5116404669364875,0.0,0.0,0.1827143470308351,0.006223492266872073,0.007308573881233407,0.24720300950822394,1.6618429325264297,0.0,0.0,0.0,0.07434572981263377,,0.07189264986664057
ik,circle,stress,3,45,nominal,0.19793710536456674,0.23773849243964842,0.8309005138871746,0.5001474261022244,0.0,0.0,0.18264681286813964,0.0062680077701303535,0.007305872514725587,0.25104167660054355,1.7231649145942107,0.0,0.0,0.0,0.09363245018131502,,0.07165995083050802
ik,circle,stress,4,46,nominal,0.2529185513487573,0.2838609738464267,0.8723086885112595,0.5497365748984917,0.0,0.0,0.1833943088005983,0.006245450531224091,0.0073357723520239325,0.24625519393338174,1.7432746107066839,0.0,0.0,0.0,0.15054997335813422,,0.07479429987142794
clean_sac,circle,stress,0,42,nominal,0.4488690416631256,0.45297161729917185,0.8019703674356976,0.5150620391368805,0.0,0.0,0.5985309707942191,0.018890653698914194,0.023575148916887754,0.6635971131705819,8.354351081045257,55.19285714285712,54.17142857142856,28.549999999999994,0.29650770451810343,-9043.267479651742,0.29651270000613295
clean_sac,circle,stress,1,43,nominal,0.44587830695854896,0.45289406548662187,0.8912065293986853,0.5332402196182536,0.0,0.0,0.5491794454239101,0.018383252102717122,0.021494000491432373,0.7220856005112937,8.265424592623281,56.37142857142855,54.33571428571427,29.06428571428571,0.3635776546208512,-8981.640997293578,0.29985170016880147
clean_sac,circle,stress,2,44,nominal,0.4255158503294764,0.43142229641198404,0.8454043922558538,0.5011079224158964,0.0,0.0,0.5817093077606651,0.020011476840149207,0.022896334954228194,0.8375698622501903,8.318200010744718,55.18571428571427,54.01428571428569,28.278571428571418,0.3038516093299674,-8576.03051646289,0.29390520084416494
clean_sac,circle,stress,3,45,nominal,0.4457092085157329,0.4510467721013572,0.8371344719024572,0.5217126928832151,0.0,0.0,0.5968819070689456,0.018792497114307288,0.023517828243104496,0.6894099265343137,8.113895389950464,55.242857142857126,54.257142857142846,29.12857142857142,0.34565738427856807,-8980.090455539153,0.28842694917693734
clean_sac,circle,stress,4,46,nominal,0.4832789533878846,0.49073267436489976,0.8889060384949837,0.5926706517254686,0.0,0.0,0.5269288807942818,0.01851736352572695,0.0205395189686016,0.7781389355273058,8.767348328286126,57.4642857142857,54.48571428571427,29.37857142857142,0.38840374559191837,-9729.219149102497,0.29208089993335307
candidate_sac,circle,stress,0,42,nominal,0.2483247878739133,0.28181078382774827,0.8010609054537139,0.5142168396698993,0.0,0.0,0.3823678954257084,0.02206366984660526,0.015041542690024404,1.2800362919284207,5.790496388790664,7.9571428571428555,6.178571428571426,1.2857142857142856,0.08791955559982628,-4999.364325106593,0.2888283995562233
candidate_sac,circle,stress,1,43,nominal,0.29630829959022786,0.3243755169332864,0.8695379836860171,0.5265017849300367,0.0,0.0,0.38923103631165235,0.022740083404955803,0.015117808214818718,1.33789609006024,5.901388524151141,12.664285714285715,8.335714285714284,1.4214285714285715,0.14089967196733044,-5961.130598559216,0.2872722493193578
candidate_sac,circle,stress,2,44,nominal,0.2453139532481821,0.2794700723140025,0.8170490612958031,0.49087200326567226,0.0,0.0,0.40979272470278116,0.023076761200804784,0.0160502133532039,1.3086958974475442,5.847894272072484,10.021428571428572,5.7714285714285705,0.957142857142857,0.09291540945986096,-4941.256427967941,0.2839215997082647
candidate_sac,circle,stress,3,45,nominal,0.2601479835966642,0.28909270341105076,0.8296616946837639,0.4752173575595703,0.0,0.0,0.3588786478225636,0.020169132678612676,0.013964182755730149,1.2159924119794743,8.00434551559517,10.971428571428572,7.585714285714283,1.5642857142857138,0.11031597457435484,-5234.81990552886,0.28693055000621825
candidate_sac,circle,stress,4,46,nominal,0.3641404622518095,0.38994608160343625,0.8711853161604433,0.6132065791095918,0.0,0.0,0.38928310029521324,0.02557245852323704,0.015147265229067229,1.518822334361702,6.015163635013921,14.699999999999996,10.757142857142856,1.9428571428571426,0.17513571832402214,-7320.851825630062,0.2854089003521949
ik,assembly,clean,0,42,nominal,0.010735742249113205,0.014234615727555003,0.030751779088792276,0.028628994714172067,97.35000000000001,100.0,0.00042693435099704216,0.0009903066745668915,1.7077374039882125e-05,0.0969084969322567,0.2912198260766722,0.0,0.0,0.0,8.587233799785202e-06,,0.07548229940584861
ik,assembly,clean,1,43,nominal,0.010735742249113205,0.014234615727555003,0.030751779088792276,0.028628994714172067,97.35000000000001,100.0,0.00042693435099704216,0.0009903066745668915,1.7077374039882125e-05,0.0969084969322567,0.2912198260766722,0.0,0.0,0.0,8.587233799785202e-06,,0.07555280037922785
ik,assembly,clean,2,44,nominal,0.010735742249113205,0.014234615727555003,0.030751779088792276,0.028628994714172067,97.35000000000001,100.0,0.00042693435099704216,0.0009903066745668915,1.7077374039882125e-05,0.0969084969322567,0.2912198260766722,0.0,0.0,0.0,8.587233799785202e-06,,0.07283829970401712
ik,assembly,clean,3,45,nominal,0.010735742249113205,0.014234615727555003,0.030751779088792276,0.028628994714172067,97.35000000000001,100.0,0.00042693435099704216,0.0009903066745668915,1.7077374039882125e-05,0.0969084969322567,0.2912198260766722,0.0,0.0,0.0,8.587233799785202e-06,,0.07328395114745945
ik,assembly,clean,4,46,nominal,0.010735742249113205,0.014234615727555003,0.030751779088792276,0.028628994714172067,97.35000000000001,100.0,0.00042693435099704216,0.0009903066745668915,1.7077374039882125e-05,0.0969084969322567,0.2912198260766722,0.0,0.0,0.0,8.587233799785202e-06,,0.07194695007638074
clean_sac,assembly,clean,0,42,zero-shot,0.007920005602126046,0.008621187398355094,0.013199635144962309,0.012367689728654933,100.0,100.0,0.0034317677520960925,0.0022982737973769305,0.00013727071008384388,0.21530570277283326,1.2330080924037148,0.0,0.0,0.0,0.0003599064696113291,839.882868943161,0.2784518495609518
clean_sac,assembly,clean,1,43,zero-shot,0.007920005602126046,0.008621187398355094,0.013199635144962309,0.012367689728654933,100.0,100.0,0.0034317677520960925,0.0022982737973769305,0.00013727071008384388,0.21530570277283326,1.2330080924037148,0.0,0.0,0.0,0.0003599064696113291,839.882868943161,0.2796129999915138
clean_sac,assembly,clean,2,44,zero-shot,0.007920005602126046,0.008621187398355094,0.013199635144962309,0.012367689728654933,100.0,100.0,0.0034317677520960925,0.0022982737973769305,0.00013727071008384388,0.21530570277283326,1.2330080924037148,0.0,0.0,0.0,0.0003599064696113291,839.882868943161,0.27682035058387555
clean_sac,assembly,clean,3,45,zero-shot,0.007920005602126046,0.008621187398355094,0.013199635144962309,0.012367689728654933,100.0,100.0,0.0034317677520960925,0.0022982737973769305,0.00013727071008384388,0.21530570277283326,1.2330080924037148,0.0,0.0,0.0,0.0003599064696113291,839.882868943161,0.27714859959087335
clean_sac,assembly,clean,4,46,zero-shot,0.007920005602126046,0.008621187398355094,0.013199635144962309,0.012367689728654933,100.0,100.0,0.0034317677520960925,0.0022982737973769305,0.00013727071008384388,0.21530570277283326,1.2330080924037148,0.0,0.0,0.0,0.0003599064696113291,839.882868943161,0.27847840037429705
candidate_sac,assembly,clean,0,42,zero-shot,0.06944546823815143,0.07582264827394787,0.12718541565174746,0.10860865957912232,10.25,32.550000000000004,0.0430691624601405,0.005676275830963476,0.0017227664984056207,0.4947868362250832,1.3880442894563223,0.0,0.0,0.0,0.0008270381743076614,-1291.9598428493662,0.27445519948378205
candidate_sac,assembly,clean,1,43,zero-shot,0.06944546823815143,0.07582264827394787,0.12718541565174746,0.10860865957912232,10.25,32.550000000000004,0.0430691624601405,0.005676275830963476,0.0017227664984056207,0.4947868362250832,1.3880442894563223,0.0,0.0,0.0,0.0008270381743076614,-1291.9598428493662,0.2754379994585179
candidate_sac,assembly,clean,2,44,zero-shot,0.06944546823815143,0.07582264827394787,0.12718541565174746,0.10860865957912232,10.25,32.550000000000004,0.0430691624601405,0.005676275830963476,0.0017227664984056207,0.4947868362250832,1.3880442894563223,0.0,0.0,0.0,0.0008270381743076614,-1291.9598428493662,0.2728200505662244
candidate_sac,assembly,clean,3,45,zero-shot,0.06944546823815143,0.07582264827394787,0.12718541565174746,0.10860865957912232,10.25,32.550000000000004,0.0430691624601405,0.005676275830963476,0.0017227664984056207,0.4947868362250832,1.3880442894563223,0.0,0.0,0.0,0.0008270381743076614,-1291.9598428493662,0.284800599940354
candidate_sac,assembly,clean,4,46,zero-shot,0.06944546823815143,0.07582264827394787,0.12718541565174746,0.10860865957912232,10.25,32.550000000000004,0.0430691624601405,0.005676275830963476,0.0017227664984056207,0.4947868362250832,1.3880442894563223,0.0,0.0,0.0,0.0008270381743076614,-1291.9598428493662,0.29406529941479675
ik,assembly,observation_noise,0,42,nominal,0.010767703760332077,0.014239488927336591,0.03107656835971394,0.028595683092066757,97.15,100.0,0.011366213999633543,0.0010936996305916371,0.0004546485599853369,0.09800940293395635,0.29227231187911995,0.0,0.0,0.0,0.0001092919784840559,,0.07241630073986016
ik,assembly,observation_noise,1,43,nominal,0.010869075199519289,0.014260391477402943,0.030715825469527062,0.028385558074348123,97.89999999999999,100.0,0.011370297098654,0.001090665679839415,0.00045481188394615846,0.09784705645630086,0.3020893318955118,0.0,0.0,0.0,5.439301099147438e-05,,0.07019315028446727
ik,assembly,observation_noise,2,44,nominal,0.01079694086642167,0.014268338058394805,0.031060988237646563,0.028570808616676956,97.25,100.0,0.011313131221941,0.001091064873213052,0.00045252524887764187,0.09789511203956,0.3002178648386363,0.0,0.0,0.0,8.580338845329583e-05,,0.07078680049744435
ik,assembly,observation_noise,3,45,nominal,0.010768092484868947,0.014222540797716333,0.031059552274591493,0.02865534885397079,97.25,100.0,0.0113683694095893,0.0010921007699793107,0.0004547347763835741,0.09804327143914708,0.29302004926843994,0.0,0.0,0.0,0.00011938943265821276,,0.07126065029297024
ik,assembly,observation_noise,4,46,nominal,0.010786296202277555,0.014228879152871899,0.030490429859893763,0.028484517279596337,97.8,100.0,0.011177059962526917,0.0010894423778997158,0.0004470823985010751,0.09791995663998342,0.2967946730627006,0.0,0.0,0.0,5.121594027178515e-05,,0.07002455010660924
clean_sac,assembly,observation_noise,0,42,zero-shot,0.0086321649990559,0.009199857879065009,0.015613383738363103,0.01344583851836987,100.0,100.0,0.7332091643790913,0.01944505092413781,0.029328366575163658,0.3079951773909732,1.2212839238402535,0.0,0.0,0.0,0.0007219204652212705,787.6898176268676,0.27262994938064367
clean_sac,assembly,observation_noise,1,43,zero-shot,0.008642834425354273,0.009271835814183555,0.01673906730182985,0.013749847810000066,100.0,100.0,0.7390209056650741,0.019564614337497448,0.029560836226602962,0.30823805445628477,1.263590437284195,0.0,0.0,0.0,0.00046600486623564735,787.1836919886503,0.27416579955024645
clean_sac,assembly,observation_noise,2,44,zero-shot,0.008643130351857419,0.009257263553789112,0.015326690529199206,0.013455671031615046,100.0,100.0,0.7454460321552765,0.019580406461371366,0.029817841286211056,0.3078182236995696,1.2746665852259143,0.0,0.0,0.0,0.00048371602880674494,786.9137119985558,0.27466054967953824
clean_sac,assembly,observation_noise,3,45,zero-shot,0.00865274358625358,0.009248250781222838,0.01562908811987499,0.013371297420459992,100.0,100.0,0.7376057466952619,0.019503940193284275,0.02950422986781048,0.305708841690549,1.2273982959444174,0.0,0.0,0.0,0.000883342585553769,787.0775106270946,0.2741148504137527
clean_sac,assembly,observation_noise,4,46,zero-shot,0.008671407219198774,0.009265102706838191,0.01593769815041401,0.013380377646460042,100.0,100.0,0.7336812342788044,0.019524938284958628,0.02934724937115218,0.31039140188327663,1.2205511836729253,0.0,0.0,0.0,0.000278985035640284,786.8413542986265,0.27496170040103607
candidate_sac,assembly,observation_noise,0,42,zero-shot,0.0695024759509574,0.07583957147187924,0.1270792403572909,0.10854454068151657,10.15,32.1,0.6446305763047431,0.016082426098499778,0.025785223052189728,0.5026201241100164,1.3501288406651564,0.0,0.0,0.0,0.0010083254152990302,-1323.3811953688078,0.2733333498763386
candidate_sac,assembly,observation_noise,1,43,zero-shot,0.06952690512963029,0.07587054931160636,0.12689906557080374,0.10862282331927448,10.4,32.05,0.6510410826206726,0.016129060830387367,0.02604164330482691,0.5010853849256347,1.3755941161893614,0.0,0.0,0.0,0.00098783052931098,-1321.6464470824776,0.2770241997204721
candidate_sac,assembly,observation_noise,2,44,zero-shot,0.06944635027425607,0.07574420170550898,0.12529734152312458,0.10803629215289698,10.25,32.25,0.645149246445754,0.016010486051717433,0.025805969857830156,0.5028391160579394,1.3382518203476557,0.0,0.0,0.0,0.0008129032850532578,-1321.243896600926,0.27831869953661226
candidate_sac,assembly,observation_noise,3,45,zero-shot,0.06941668149299646,0.07570048923598376,0.12489745817159621,0.10847303787239444,10.15,32.0,0.6799317097966822,0.016676099803493515,0.027197268391867292,0.502101349754713,1.3550830223029506,0.0,0.0,0.0,0.0007736159922757853,-1323.3731508530527,0.2789778996957466
candidate_sac,assembly,observation_noise,4,46,zero-shot,0.06938229511794027,0.07566311283246302,0.12436113367673829,0.10812173706364442,10.100000000000001,32.2,0.6530635361340735,0.016117997284135755,0.026122541445362947,0.5006619382933272,1.387747863842487,0.0,0.0,0.0,0.0009714525986583212,-1321.8287663228225,0.2834669509611558
ik,assembly,action_noise,0,42,nominal,0.012614394987338889,0.01506872726199291,0.037799649154519686,0.028273665702741004,97.5,100.0,0.17938703056484354,0.00526845348723527,0.007175481222593742,0.16196185470944494,0.36041786445853097,0.0,0.0,0.0,0.0003115725470441173,,0.07292815038817935
ik,assembly,action_noise,1,43,nominal,0.012869209002754164,0.015473973720449582,0.04026585231245981,0.028948593565586607,95.85000000000001,100.0,0.17876065465842975,0.0052068988568020015,0.0071504261863371945,0.1574407646625696,0.3904251414327093,0.0,0.0,0.0,0.0001502391975924103,,0.07365989941172302
ik,assembly,action_noise,2,44,nominal,0.012824356302021037,0.015108906013184514,0.03350157665006795,0.0290884966562281,96.35000000000001,100.0,0.18119016908061109,0.005249781329975533,0.007247606763224441,0.15871887819839633,0.3998515025682151,0.0,0.0,0.0,0.00023896842007833734,,0.0739339497522451
ik,assembly,action_noise,3,45,nominal,0.012464162945868763,0.015038791755254887,0.0348617243557526,0.028647933086355416,97.15,100.0,0.1812668313305758,0.005270226357996327,0.00725067325322303,0.161208348182118,0.3857800825412773,0.0,0.0,0.0,0.0002303432144102045,,0.0715627487807069
ik,assembly,action_noise,4,46,nominal,0.01370842662211659,0.016300116252940332,0.03651255351648211,0.03120534360016635,92.9,100.0,0.18211799762326716,0.0052918359515340616,0.007284719904930686,0.1602473877359112,0.41739734583898247,0.0,0.0,0.0,0.0001922342890737242,,0.07076984926243313
clean_sac,assembly,action_noise,0,42,zero-shot,0.008043318573460918,0.008731488028149346,0.013593378828559655,0.012481819965177547,100.0,100.0,0.2297476671714427,0.006695456486645957,0.00918990668685771,0.24336897991338208,1.2398189838969234,0.0,0.0,0.0,0.0003945495494334214,826.1092556407742,0.2741535999812186
clean_sac,assembly,action_noise,1,43,zero-shot,0.007998504724737671,0.008687976995970048,0.013527336523471819,0.012530026407041938,100.0,100.0,0.22788295811217546,0.006674553767361175,0.009115318324487014,0.2476188761544263,1.246561017965015,0.0,0.0,0.0,0.0003458087526594501,827.0820725447702,0.27549785032169893
clean_sac,assembly,action_noise,2,44,zero-shot,0.007925575093572373,0.008615450764931793,0.013474131806785567,0.012448897816547377,100.0,100.0,0.2318927996405484,0.006653854147604097,0.009275711985621935,0.23666200177306593,1.2492049520853177,0.0,0.0,0.0,0.00036809332090077015,828.4125350655825,0.27834969985997304
clean_sac,assembly,action_noise,3,45,zero-shot,0.007973090750793986,0.008650680961667134,0.013392697783944496,0.012439451657313649,100.0,100.0,0.23057117321678683,0.006715625105669263,0.009222846928671476,0.24281962645173671,1.2569982916116964,0.0,0.0,0.0,0.00042585732696178477,827.4718862497107,0.2794699005607981
clean_sac,assembly,action_noise,4,46,zero-shot,0.008111652335047456,0.008828976230373074,0.013422845057856684,0.012523840422199556,100.0,100.0,0.22992702554606234,0.006711426963838022,0.009197081021842498,0.24986448767702096,1.2511846915000386,0.0,0.0,0.0,0.00033700819701461173,824.7144298199353,0.2774346994992811
candidate_sac,assembly,action_noise,0,42,zero-shot,0.06934878987281622,0.07566778195688448,0.12807504050937335,0.10878459674399354,10.05,32.05,0.4262747269735683,0.011546003170468857,0.017050989078942733,0.5039961497061589,1.3955155074577525,0.0,0.0,0.0,0.0007504457075418597,-1310.3077804199138,0.28614990002824925
candidate_sac,assembly,action_noise,1,43,zero-shot,0.06952481424179326,0.0759366164290884,0.12866001936725052,0.11037392697549031,10.05,32.45,0.4282063568436133,0.011511013010301411,0.01712825427374453,0.5050290298379438,1.4228692531989242,0.0,0.0,0.0,0.0009304077435697082,-1313.8901036744362,0.28006755010574125
candidate_sac,assembly,action_noise,2,44,zero-shot,0.06950423118832663,0.07588134298462179,0.12933970452699936,0.10838685237765172,10.299999999999999,32.1,0.429252036802028,0.011536052334539462,0.01717008147208112,0.5010902933709598,1.4062010074614069,0.0,0.0,0.0,0.0007956406695767731,-1311.024911992625,0.27633009912096895
candidate_sac,assembly,action_noise,3,45,zero-shot,0.06940872804235072,0.07571654197724183,0.12594876047839496,0.10863647517550458,10.15,32.1,0.42552819447100626,0.011459757979677413,0.017021127778840246,0.5007198209823293,1.3597087373643144,0.0,0.0,0.0,0.000816805860478431,-1310.427007257658,0.27495580035611056
candidate_sac,assembly,action_noise,4,46,zero-shot,0.06903578886006798,0.07518497781872563,0.11987447159241496,0.1080489350245897,10.35,32.15,0.4368355880907501,0.011635930160202018,0.01747342352363001,0.501347893776037,1.3366343615724365,0.0,0.0,0.0,0.0008433191072902772,-1301.5098615926427,0.27237399996374734
ik,assembly,noise,0,42,nominal,0.012617475611268747,0.01508325171895192,0.038071334295620825,0.02829441580349633,97.45,100.0,0.17988235084172502,0.005280977835272898,0.007195294033668999,0.16223321290162745,0.36589866758434786,0.0,0.0,0.0,0.0002953620050634488,,0.07022709990269504
ik,assembly,noise,1,43,nominal,0.01293224247129405,0.015502997892363998,0.03978683488519701,0.028904072035815197,95.95,100.0,0.179354093858243,0.005219714126287978,0.007174163754329723,0.15746957793710178,0.38914316370953567,0.0,0.0,0.0,0.00014501659775206105,,0.0721308003703598
ik,assembly,noise,2,44,nominal,0.012846503061720757,0.015142539573004174,0.033605866346908354,0.02905048398401849,96.25,100.0,0.18170045386553627,0.005263019876705563,0.007268018154621455,0.15892765390208424,0.40112243829598776,0.0,0.0,0.0,0.00023910506728419374,,0.0697472503525205
ik,assembly,noise,3,45,nominal,0.012439310337436052,0.01502199676228944,0.03493990963842684,0.02862571835495567,97.2,100.0,0.1817641127062813,0.005284899258896217,0.007270564508251253,0.16166188650547353,0.3777300457883888,0.0,0.0,0.0,0.00023724281031296243,,0.07069769984809682
ik,assembly,noise,4,46,nominal,0.013714766274069866,0.01628494847134389,0.036304009593424384,0.031164732238411024,93.0,100.0,0.18231784665822784,0.005298602215426227,0.0072927138663291145,0.160293851155514,0.42256709467440984,0.0,0.0,0.0,0.00018811745289522874,,0.07019075006246567
clean_sac,assembly,noise,0,42,zero-shot,0.00862586484924456,0.009201595462013584,0.015655745331903243,0.013452530689800606,100.0,100.0,0.7752421883247222,0.020629959969679354,0.03100968753298889,0.3264825970322351,1.3006054408933456,0.0,0.0,0.007142857142857142,0.0006296407132725864,785.5050703032157,0.2745572503772564
clean_sac,assembly,noise,1,43,zero-shot,0.008662903806953583,0.009296220572482503,0.016444193732194873,0.013806243043316587,100.0,100.0,0.777485406470148,0.020593769815388577,0.03109941625880592,0.32671940534477306,1.2981363111493707,0.0,0.0,0.007142857142857142,0.00035670402712660896,784.6921838837386,0.2800612498540431
clean_sac,assembly,noise,2,44,zero-shot,0.008603832103925855,0.009214748766983468,0.01558644919858035,0.013461132933946986,100.0,100.0,0.7869679863047854,0.020669500652130156,0.03147871945219141,0.3238983781574727,1.2942026555045685,0.0,0.0,0.0,0.0004889103254414341,785.4620913869114,0.2752508011762984
clean_sac,assembly,noise,3,45,zero-shot,0.008718301902353303,0.009302099368663552,0.01596137781754373,0.013460016639578002,100.0,100.0,0.7656583113904075,0.020329588019782335,0.030626332455616308,0.32336768402677035,1.2370312894257987,0.0,0.0,0.0,0.000832883552662649,784.1961001193729,0.28028055009781383
clean_sac,assembly,noise,4,46,zero-shot,0.008735241308496552,0.009331571326219111,0.015996751229292755,0.013520052226489348,100.0,100.0,0.7632097437958586,0.02038524532508267,0.030528389751834344,0.32903873649280135,1.200747050432867,0.0,0.0,0.0,0.0002179409456656346,783.9160839427077,0.3050561497802846
candidate_sac,assembly,noise,0,42,zero-shot,0.06948175085298267,0.07580075179943246,0.12763213314734767,0.10865279453880103,10.05,32.05,0.7582118137961913,0.018449519277788262,0.030328472551847657,0.5123015824122876,1.3534772876660115,0.0,0.0,0.0,0.0009416956014207969,-1329.71285241522,0.28560509931412525
candidate_sac,assembly,noise,1,43,zero-shot,0.06964615830110435,0.07605603778816794,0.13033331269771387,0.1110523889007267,10.299999999999999,31.85,0.7588030891684648,0.01849807976121871,0.030352123566738592,0.5135229645822449,1.38080686329141,0.0,0.0,0.0,0.0010554040023804984,-1330.5513753985992,0.2799693001725245
candidate_sac,assembly,noise,2,44,zero-shot,0.06953985774417243,0.07587428046382637,0.1279486707481544,0.10829022607642678,10.299999999999999,32.300000000000004,0.75801087515405,0.018465593637034688,0.030320435006162,0.511812414439506,1.3687797222900104,0.0,0.0,0.0,0.0007814051046891765,-1328.374011537007,0.2738666999794077
candidate_sac,assembly,noise,3,45,zero-shot,0.06950032962093701,0.07577816590092161,0.12593535825735822,0.10843119758889083,10.2,32.1,0.749838780272607,0.018348463841209615,0.02999355121090428,0.5075660054271285,1.3670367927631473,0.0,0.0,0.0,0.000776439668075097,-1328.1895075611037,0.27422829970601015
candidate_sac,assembly,noise,4,46,zero-shot,0.06918208207372396,0.07537890782564209,0.12274077355532087,0.1078441578214566,10.2,32.0,0.7425191402130034,0.018088148132385004,0.02970076560852013,0.5102912164922739,1.3788471430358156,0.0,0.0,0.0,0.0009890785700837576,-1321.4070635821765,0.273109799658414
ik,assembly,unreachable,0,42,nominal,0.22128164110017456,0.254357423117084,0.855029489640161,0.5360926425502265,0.0,0.0,0.0010845298821751466,0.0018669805120457852,4.338119528700593e-05,0.1740894672677889,1.6454084291770268,0.0,0.0,0.0,0.15771963313226284,,0.07060715067200363
ik,assembly,unreachable,1,43,nominal,0.22128164110017456,0.254357423117084,0.855029489640161,0.5360926425502265,0.0,0.0,0.0010845298821751466,0.0018669805120457852,4.338119528700593e-05,0.1740894672677889,1.6454084291770268,0.0,0.0,0.0,0.15771963313226284,,0.07252010100637563
ik,assembly,unreachable,2,44,nominal,0.22128164110017456,0.254357423117084,0.855029489640161,0.5360926425502265,0.0,0.0,0.0010845298821751466,0.0018669805120457852,4.338119528700593e-05,0.1740894672677889,1.6454084291770268,0.0,0.0,0.0,0.15771963313226284,,0.07208630040986463
ik,assembly,unreachable,3,45,nominal,0.22128164110017456,0.254357423117084,0.855029489640161,0.5360926425502265,0.0,0.0,0.0010845298821751466,0.0018669805120457852,4.338119528700593e-05,0.1740894672677889,1.6454084291770268,0.0,0.0,0.0,0.15771963313226284,,0.07037859989213757
ik,assembly,unreachable,4,46,nominal,0.22128164110017456,0.254357423117084,0.855029489640161,0.5360926425502265,0.0,0.0,0.0010845298821751466,0.0018669805120457852,4.338119528700593e-05,0.1740894672677889,1.6454084291770268,0.0,0.0,0.0,0.15771963313226284,,0.07028654965688474
clean_sac,assembly,unreachable,0,42,zero-shot,0.4352810274151936,0.44005430388976635,0.869176419446729,0.513249636322863,0.0,0.0,0.12925672827096665,0.019055376027049476,0.0052195212157503034,1.2571298192694813,8.532976355638562,55.314285714285695,50.90714285714284,0.0,0.3730258334199408,-8754.808146561008,0.2749009505205322
clean_sac,assembly,unreachable,1,43,zero-shot,0.4352810274151936,0.44005430388976635,0.869176419446729,0.513249636322863,0.0,0.0,0.12925672827096665,0.019055376027049476,0.0052195212157503034,1.2571298192694813,8.532976355638562,55.314285714285695,50.90714285714284,0.0,0.3730258334199408,-8754.808146561008,0.2782717998197768
clean_sac,assembly,unreachable,2,44,zero-shot,0.4352810274151936,0.44005430388976635,0.869176419446729,0.513249636322863,0.0,0.0,0.12925672827096665,0.019055376027049476,0.0052195212157503034,1.2571298192694813,8.532976355638562,55.314285714285695,50.90714285714284,0.0,0.3730258334199408,-8754.808146561008,0.2806635497545358
clean_sac,assembly,unreachable,3,45,zero-shot,0.4352810274151936,0.44005430388976635,0.869176419446729,0.513249636322863,0.0,0.0,0.12925672827096665,0.019055376027049476,0.0052195212157503034,1.2571298192694813,8.532976355638562,55.314285714285695,50.90714285714284,0.0,0.3730258334199408,-8754.808146561008,0.27943664984195493
clean_sac,assembly,unreachable,4,46,zero-shot,0.4352810274151936,0.44005430388976635,0.869176419446729,0.513249636322863,0.0,0.0,0.12925672827096665,0.019055376027049476,0.0052195212157503034,1.2571298192694813,8.532976355638562,55.314285714285695,50.90714285714284,0.0,0.3730258334199408,-8754.808146561008,0.27655860091908835
candidate_sac,assembly,unreachable,0,42,zero-shot,0.28534867597005403,0.3005468050485139,0.8538189668324706,0.5002978631806614,0.0,0.0,0.25017695731827927,0.023457524787907254,0.009962281494881218,1.527393015211298,5.991274811840223,5.4642857142857135,3.7428571428571416,0.0,0.18217061534210785,-5734.226140627703,0.28015874992706813
candidate_sac,assembly,unreachable,1,43,zero-shot,0.28534867597005403,0.3005468050485139,0.8538189668324706,0.5002978631806614,0.0,0.0,0.25017695731827927,0.023457524787907254,0.009962281494881218,1.527393015211298,5.991274811840223,5.4642857142857135,3.7428571428571416,0.0,0.18217061534210785,-5734.226140627703,0.2742026001214981
candidate_sac,assembly,unreachable,2,44,zero-shot,0.28534867597005403,0.3005468050485139,0.8538189668324706,0.5002978631806614,0.0,0.0,0.25017695731827927,0.023457524787907254,0.009962281494881218,1.527393015211298,5.991274811840223,5.4642857142857135,3.7428571428571416,0.0,0.18217061534210785,-5734.226140627703,0.275147100124741
candidate_sac,assembly,unreachable,3,45,zero-shot,0.28534867597005403,0.3005468050485139,0.8538189668324706,0.5002978631806614,0.0,0.0,0.25017695731827927,0.023457524787907254,0.009962281494881218,1.527393015211298,5.991274811840223,5.4642857142857135,3.7428571428571416,0.0,0.18217061534210785,-5734.226140627703,0.27787885040743276
candidate_sac,assembly,unreachable,4,46,zero-shot,0.28534867597005403,0.3005468050485139,0.8538189668324706,0.5002978631806614,0.0,0.0,0.25017695731827927,0.023457524787907254,0.009962281494881218,1.527393015211298,5.991274811840223,5.4642857142857135,3.7428571428571416,0.0,0.18217061534210785,-5734.226140627703,0.2742117004818283
ik,assembly,stress,0,42,nominal,0.1755593788235243,0.21347764496008081,0.8022294308545597,0.4697163671672595,0.0,0.0,0.18078147900465194,0.0062637561091044265,0.007231259160186077,0.25599695156595403,1.611795619634499,0.0,0.0,0.0,0.11486848967174275,,0.07027870137244463
ik,assembly,stress,1,43,nominal,0.225673677118777,0.2594894863733086,0.8708435911153763,0.5495934830208183,0.0,0.0,0.18022331574141398,0.006202575921898655,0.007208932629656559,0.25113839130923393,1.6745237788868306,0.0,0.0,0.0,0.16151844163425344,,0.0705877002037596
ik,assembly,stress,2,44,nominal,0.17854233132993447,0.22165108419189916,0.8182632802215947,0.5216355342381027,0.0,0.0,0.182748042044253,0.006236441628751153,0.00730992168177012,0.2511249802652539,1.6611781803531847,0.0,0.0,0.0,0.11006952808874869,,0.0710318498313427
ik,assembly,stress,3,45,nominal,0.19599473033620352,0.23261433386251987,0.8308987018108216,0.5081299905209934,0.0,0.0,0.18263288840504416,0.0062745495523308,0.007305315536201768,0.25506160448614784,1.7143427616386673,0.0,0.0,0.0,0.13271484403160597,,0.07081550033763051
ik,assembly,stress,4,46,nominal,0.25049861055231637,0.27914050090502274,0.87232279049632,0.5585222272770062,0.0,0.0,0.1833915593060843,0.006250825788540943,0.0073356623722433695,0.25051728689453795,1.7408031985876935,0.0,0.0,0.0,0.18339229889002984,,0.070859649538761
clean_sac,assembly,stress,0,42,zero-shot,0.41858007883582354,0.42229166674683594,0.8019493541748977,0.49090288167298773,0.0,0.0,0.5992785296665946,0.030961436586369,0.023563384877225056,1.7114951925127175,10.650960422076691,55.19285714285712,49.97857142857141,30.928571428571423,0.2964048207387332,-8441.831990064875,0.27625680112396367
clean_sac,assembly,stress,1,43,zero-shot,0.4271770746005131,0.43245911368443385,0.8926435912787708,0.5027174757799789,0.0,0.0,0.5036146005563298,0.02383857616401074,0.01978082255980919,1.279875673448362,8.275477045730222,55.24999999999998,49.52857142857142,28.992857142857144,0.3756003884645148,-8607.54840459951,0.2783317503344733
clean_sac,assembly,stress,2,44,zero-shot,0.4046579143123598,0.40931926165152754,0.8461537066229062,0.471757140751735,0.0,0.0,0.5691203770266018,0.02254969372868429,0.022408491688346896,1.0680867955259319,8.34407941810351,55.19285714285712,49.72142857142856,28.607142857142854,0.3101359693695023,-8159.122657561262,0.27794270031154156
clean_sac,assembly,stress,3,45,zero-shot,0.42054157780524265,0.4250048836861573,0.8385950579048175,0.49609553453829425,0.0,0.0,0.5819138744903068,0.022736073858624715,0.022929872749365844,1.076356135038801,8.161793784443214,55.24999999999998,50.499999999999986,29.199999999999992,0.3470543266163718,-8477.376102923205,0.2784747493569739
clean_sac,assembly,stress,4,46,zero-shot,0.4644906186901999,0.46907425104906797,0.8921139101015372,0.5510691419852695,0.0,0.0,0.48058195536974374,0.021797361691601763,0.018823930241704482,1.1605088102876944,8.815245769222111,55.314285714285695,51.757142857142846,29.407142857142855,0.4025460419768474,-9352.431846433523,0.2772062995645683
candidate_sac,assembly,stress,0,42,zero-shot,0.2205351224244356,0.2301844765731611,0.8010410410856341,0.30211579972763514,0.0,0.0,0.4336917206823754,0.021928761096588853,0.01715952505956236,1.1609731952361553,5.826616817278625,5.199999999999998,4.385714285714284,0.6,0.1589317139117794,-4443.797847283076,0.2788004011672456
candidate_sac,assembly,stress,1,43,zero-shot,0.29625499197313765,0.310623415857766,0.8695416555300247,0.49341447167430336,0.0,0.0,0.465576935239196,0.02869635595160885,0.018378604974469505,1.666716168664113,5.904334703396751,5.121428571428569,3.7999999999999985,1.2428571428571429,0.1863236013466544,-5963.648558068542,0.28227549968869425
candidate_sac,assembly,stress,2,44,zero-shot,0.22040993567832357,0.23200273131968166,0.8170663706633688,0.30927041661812277,0.0,0.0,0.45637691877034037,0.021522075563950256,0.01805091994877718,1.1575798739956304,5.829222982500377,5.949999999999998,5.32142857142857,0.757142857142857,0.15074812464514253,-4442.644340483374,0.2729813495243434
candidate_sac,assembly,stress,3,45,zero-shot,0.23507429252670195,0.24568607094323028,0.8296601804104269,0.33471723145156346,0.0,0.0,0.42441439543722387,0.021977683742944922,0.016789942887551736,1.2057764627735956,5.837667487830044,6.135714285714284,4.799999999999999,0.7642857142857142,0.16008852807616056,-4734.709960193332,0.27499160054139793
candidate_sac,assembly,stress,4,46,zero-shot,0.32574999328171406,0.3407087450951796,0.871199769466059,0.5222367672477376,0.0,0.0,0.40893755599159826,0.02822507698859858,0.016221768798434857,1.7324739490867707,6.0196174442161405,4.692857142857141,3.221428571428571,1.4142857142857144,0.20417139223316352,-6550.504775691199,0.27537654954358004
