trajectory,condition,controller,episodes,mean_error_m,mean_error_m_sd,rmse_m,rmse_m_sd,max_error_m,max_error_m_sd,p95_error_m,p95_error_m_sd,within_3cm_pct,within_3cm_pct_sd,within_5cm_pct,within_5cm_pct_sd,mean_action_change,mean_action_change_sd,mean_command_change_rad,mean_command_change_rad_sd,mean_command_second_difference_rad,mean_command_second_difference_rad_sd,mean_joint_speed_rad_s,mean_joint_speed_rad_s_sd,max_joint_speed_rad_s,max_joint_speed_rad_s_sd,command_limit_pct,command_limit_pct_sd,joint_limit_pct,joint_limit_pct_sd,action_clip_pct,action_clip_pct_sd,closest_distance_m,closest_distance_m_sd,mean_inference_ms,mean_inference_ms_sd,total_reward,total_reward_sd
circle,clean,ik,5,0.010027420156582529,0.0,0.010047868307736945,0.0,0.01024368813686754,0.0,0.010176323059324074,0.0,100.0,0.0,100.0,0.0,0.0001344687490246175,0.0,0.0009917581573377677,0.0,5.378749960984711e-06,0.0,0.09714694472092024,0.0,0.12296420881983812,0.0,0.0,0.0,0.0,0.0,0.0,0.0,0.0004423181339485205,6.06087439757635e-20,0.06811129971756599,0.0002790695585537135,,
circle,clean,clean_sac,5,0.0017159455986359318,2.42434975903054e-19,0.0027885920766034873,0.0,0.006915487690939033,0.0,0.00675174555564889,9.69739903612216e-19,100.0,0.0,100.0,0.0,0.0031631642517081725,4.84869951806108e-19,0.002451917204623778,0.0,0.00012652657006832717,0.0,0.22931537344626002,0.0,1.2243695780595403,0.0,0.0,0.0,0.0,0.0,0.0,0.0,3.0003952640694557e-05,0.0,0.273853360285284,0.004383438612270814,963.8699721080086,0.0
circle,clean,candidate_sac,5,0.035465910535100925,0.0,0.053182489448747275,0.0,0.1332242315957586,0.0,0.12197718301871799,1.5515838457795457e-17,62.3,0.0,73.0,0.0,0.0874122438189297,0.0,0.009064434300711502,0.0,0.003496489752757187,4.84869951806108e-19,0.7239828301345763,0.0,4.183795379241927,0.0,0.0,0.0,0.0,0.0,0.0,0.0,0.0011017957927049894,0.0,0.2746261997905094,0.0066270749644471655,-95.79488326540047,0.0
circle,observation_noise,ik,5,0.010004920568802794,3.386912219824366e-05,0.010028998009090247,3.3907644760429874e-05,0.010831258029997976,0.0001800113077831813,0.010530543113014263,5.652044616448133e-05,100.0,0.0,100.0,0.0,0.01117651046024731,8.612255162735992e-05,0.0010310196630203237,1.946959017619838e-06,0.00044706041840989266,3.4449020650943637e-06,0.09732357870623592,0.00010477432357138878,0.14003859363768834,0.0018371486775753288,0.0,0.0,0.0,0.0,0.0,0.0,0.0004417577949970198,5.675394136882815e-06,0.07180087002925575,0.003076859904596738,,
circle,observation_noise,clean_sac,5,0.003084950724788406,6.04907814412852e-05,0.0038291470449873877,6.231828999951116e-05,0.010259931424380206,0.0004664352519085902,0.007732401300821257,0.0001646757050743124,100.0,0.0,100.0,0.0,0.7541501006361566,0.005385481296326188,0.019962513889676393,0.00011427609968150391,0.03016600402544627,0.00021541925185304724,0.30980352257217914,0.001661770042361031,1.2303558596706274,0.02987211472014717,0.0,0.0,0.0,0.0,0.0,0.0,0.00013940656616088728,7.254574251668932e-05,0.2942943295580335,0.018931456592516174,897.5341174888032,1.1425331990341132
circle,observation_noise,candidate_sac,5,0.034296944419614686,0.0004601133835035058,0.05157283224056265,0.0012647664362838984,0.13084330333421224,0.005899610695563461,0.11734463744877596,0.007577312462034819,62.629999999999995,0.34022051672407866,74.08,0.35812009158939506,0.6778189496296174,0.011644400224872425,0.01864365063909426,0.0003649055917073495,0.027112757985184692,0.00046577600899489494,0.6762569717349759,0.030534399610799352,3.6167688569750363,0.44506453538274,0.0,0.0,0.0,0.0,0.0,0.0,0.001170832826755598,0.00010038888621030794,0.2802417704369873,0.006985487288658576,-97.42598564049538,7.355322994926554
circle,action_noise,ik,5,0.011464462763155218,0.00040798937085993666,0.0119441046237505,0.00047748233821812706,0.021347256470520874,0.0027083718269927987,0.017000504903576276,0.0011185844649116538,100.0,0.0,100.0,0.0,0.1805431955130494,0.0014090184450824843,0.005200230355569393,3.0576219791558055e-05,0.007221727820521978,5.636073780330135e-05,0.1480451473765183,0.0015664270933804462,0.30871439323708005,0.04151035570952417,0.0,0.0,0.0,0.0,0.0,0.0,0.0004447719688995079,5.426893989931781e-05,0.06959853011649102,0.0010630158893260072,,
circle,action_noise,clean_sac,5,0.0018162309512890495,8.884466816911629e-05,0.002791095577812372,0.00011407809504619496,0.008048949215088651,0.000473590073653927,0.006664530517652656,8.767939457906258e-05,100.0,0.0,100.0,0.0,0.22676210977813435,0.001595719451183836,0.006697728487965636,2.2366417414596556e-05,0.009070484391125375,6.382877804735446e-05,0.2521960105797699,0.00335642304790104,1.236777512614348,0.013087477661968794,0.0,0.0,0.0,0.0,0.0,0.0,3.297995884911835e-05,1.2235227012751493e-05,0.27789495005854403,0.012458340651708758,950.7516403179512,1.7655915908639221
circle,action_noise,candidate_sac,5,0.034677565552465234,0.0005183973418002413,0.05171352868024146,0.0008641804163456734,0.12730455591158457,0.003179910923580121,0.11333291845039391,0.006092692744678559,62.470000000000006,0.29706901555025533,73.42,0.13964240043769036,0.4436867211676823,0.006820352072014548,0.014056216650176931,0.0003299321814278,0.017747468846707297,0.00027281408288058,0.7175259410169164,0.019125823374095848,4.011558243574241,0.16101532863738333,0.0,0.0,0.0,0.0,0.005714285714285713,0.007824607964359515,0.0010991748902139397,5.3233130138106044e-05,0.2872783302445896,0.005616570562941967,-95.0619401031343,13.199801073815365
circle,noise,ik,5,0.011448525625219102,0.00040971402175613995,0.011929104816983189,0.00047600573208992486,0.021362045607101872,0.0027134063540203406,0.016901709014812104,0.0010679681066508447,100.0,0.0,100.0,0.0,0.1809626772797701,0.0013076873703161452,0.005211432900998502,2.9355387829558208e-05,0.007238507091190805,5.230749481264762e-05,0.14821173107713254,0.0015920155238202621,0.30510699876849073,0.041914836273210604,0.0,0.0,0.0,0.0,0.0,0.0,0.00044432799038286844,5.7701284414262854e-05,0.07152572994236835,0.001420988500786217,,
circle,noise,clean_sac,5,0.0031276951211023215,9.276900396692426e-05,0.003881851940031285,0.00011926396326858119,0.011146531746039424,0.0004644561347691169,0.007820125637286542,0.0003214475714792783,100.0,0.0,100.0,0.0,0.7883222110596227,0.007345259474685485,0.02092197051974448,0.00013157326331855002,0.031532888442384915,0.0002938103789874179,0.32507999312251973,0.002307257754506553,1.2558400097865583,0.0458591871236539,0.0,0.0,0.0,0.0,0.005714285714285713,0.005976143046671967,0.00012221986839628212,7.257054617790045e-05,0.2999093098915182,0.011496846150401807,894.8020638894516,1.5335977688027442
circle,noise,candidate_sac,5,0.03626191235502879,0.0011328564913529696,0.0563133327644848,0.0028278754295402928,0.15000546101754875,0.01057385989524782,0.13487499645709194,0.0105787883332702,62.67999999999999,0.3290136775272391,74.34,0.4159326868617103,0.7709282361894115,0.010887560514381901,0.01957264046464831,0.0005882493505851527,0.030837129447576456,0.0004355024205752733,0.5879645001386589,0.0589846683447537,2.2479116277461757,0.754163144015278,0.0,0.0,0.0,0.0,0.004285714285714286,0.009583148474999099,0.0011470041123792308,0.00010236883295582396,0.31121654993039555,0.009217027110566274,-140.23762578075375,22.387946081877804
circle,unreachable,ik,5,0.22316971643053848,3.1031676915590914e-17,0.2591603437404369,0.0,0.855028637056906,0.0,0.5280000827471603,0.0,0.0,0.0,0.0,0.0,0.0010091242636996948,0.0,0.0017649160219566772,0.0,4.036497054798796e-05,0.0,0.163860891466581,0.0,1.6494304048956123,0.0,0.0,0.0,0.0,0.0,0.0,0.0,0.1196705257964994,0.0,0.07394722988829017,0.002099337954046401,,
circle,unreachable,clean_sac,5,0.45702907526389697,0.0,0.46329031786759367,0.0,0.8680361151298888,0.0,0.5466613885510311,0.0,0.0,0.0,0.0,0.0,0.04533140065364874,0.0,0.008016165837946078,0.0,0.001854814676285742,2.42434975903054e-19,0.5779357726363719,0.0,8.439425885663947,0.0,56.18571428571427,7.944109290391274e-15,54.37142857142855,7.944109290391274e-15,0.0,0.0,0.3713692061022403,0.0,0.2951872599951457,0.013553305339753336,-9184.124947400092,0.0
circle,unreachable,candidate_sac,5,0.2845630535074363,0.0,0.3099599382932261,0.0,0.8538177806640632,1.2412670766236366e-16,0.5043160155493119,0.0,0.0,0.0,0.0,0.0,0.2036403765227754,3.1031676915590914e-17,0.02116197197900672,0.0,0.008026514698642614,0.0,1.3889462334527605,0.0,6.207402010203161,0.0,10.457142857142856,0.0,6.828571428571427,9.930136612989092e-16,0.0,0.0,0.14037507688880846,0.0,0.2863488800358027,0.00234053896740698,-5716.763671840838,0.0
circle,stress,ik,5,0.20713838473175325,0.03219319318188347,0.2462367496900293,0.02691936105980612,0.83890908082981,0.031504507840336406,0.5134482194146947,0.03476588881413157,0.0,0.0,0.0,0.0,0.1819524212316445,0.0013658757987573388,0.006236241633037133,2.752843532363974e-05,0.0072780968492657805,5.4635031950295316e-05,0.24849936509992934,0.00198215863630609,1.682388922250804,0.05166753188782708,0.0,0.0,0.0,0.0,0.0,0.0,0.10294375040277068,0.03303244272111184,0.07243098037433811,0.0013274795878581813,,
circle,stress,clean_sac,5,0.4498502721709537,0.020877790492631117,0.45581348513280695,0.021526731294021856,0.8529243598975356,0.03762441202342874,0.5327587051559429,0.03544937101453365,0.0,0.0,0.0,0.0,0.5706461023684043,0.03146542019223176,0.01891904865636295,0.0006439428923065559,0.022404566314850882,0.0013378138759086308,0.7381602875987371,0.07013418580167176,8.363843880529968,0.243490204949328,55.89142857142856,1.013775022338966,54.252857142857124,0.17653120207522408,28.87999999999999,0.451369797258912,0.33959961966788166,0.03914178960487389,0.29415549002587793,0.004335492990071161,-9062.049719609971,416.79292508586906
circle,stress,candidate_sac,5,0.2828470973121594,0.04976341946080596,0.3129390316179048,0.046686896877399485,0.8376989922559483,0.031497708128415514,0.5240029129069541,0.05370519816319407,0.0,0.0,0.0,0.0,0.38591068091158376,0.018275886640949347,0.022724421130843112,0.0019494741056198446,0.01506420244856888,0.0007403626302408895,1.3322886051554763,0.11361998136368766,6.311857667124675,0.9497508880935941,11.262857142857142,2.5657248249863067,7.725714285714284,1.9870922762382515,1.4342857142857142,0.3624392982251775,0.12143726598507891,0.03647919051312944,0.28647233978845177,0.0018733664805551697,-5691.484616558535,997.241438757675
assembly,clean,ik,5,0.010735742249113205,0.0,0.014234615727555003,0.0,0.030751779088792276,0.0,0.028628994714172067,0.0,97.35000000000001,0.0,100.0,0.0,0.0004269343509970422,6.06087439757635e-20,0.0009903066745668915,0.0,1.7077374039882125e-05,0.0,0.0969084969322567,0.0,0.2912198260766722,0.0,0.0,0.0,0.0,0.0,0.0,0.0,8.587233799785202e-06,0.0,0.07382086014258675,0.0016221307460808666,,
assembly,clean,clean_sac,5,0.007920005602126046,0.0,0.008621187398355094,0.0,0.01319963514496231,1.939479807224432e-18,0.012367689728654933,0.0,100.0,0.0,100.0,0.0,0.0034317677520960925,0.0,0.0022982737973769305,0.0,0.00013727071008384388,0.0,0.21530570277283326,0.0,1.2330080924037148,0.0,0.0,0.0,0.0,0.0,0.0,0.0,0.0003599064696113291,0.0,0.2781024400203023,0.0011290249697537126,839.8828689431609,1.2710574864626038e-13
assembly,clean,candidate_sac,5,0.06944546823815143,0.0,0.07582264827394787,0.0,0.12718541565174746,0.0,0.10860865957912232,0.0,10.25,0.0,32.550000000000004,0.0,0.0430691624601405,0.0,0.005676275830963476,0.0,0.0017227664984056207,0.0,0.4947868362250832,0.0,1.3880442894563223,0.0,0.0,0.0,0.0,0.0,0.0,0.0,0.0008270381743076614,0.0,0.280315829772735,0.008992886087975153,-1291.9598428493662,0.0
assembly,observation_noise,ik,5,0.010797621702683908,4.183715659197267e-05,0.014243927682744512,1.981465761784825e-05,0.030880672840274563,0.00026568345284673094,0.028538383183331795,0.00010520540135586588,97.47,0.35106979363083457,100.0,0.0,0.011319014338468951,8.28844202198427e-05,0.0010913946663046261,1.6018003565876673e-06,0.00045276057353875736,3.315376808793756e-06,0.09794295990178956,8.138353623554906e-05,0.2968788461888817,0.004313228604473666,0.0,0.0,0.0,0.0,0.0,0.0,8.40187501717648e-05,3.101094541444606e-05,0.07093629038427025,0.0009619660559412988,,
assembly,observation_noise,clean_sac,5,0.008648456116343989,1.4752145605988369e-05,0.009248462147019739,2.8561866394686097e-05,0.01584918556793623,0.0005423952508439552,0.013480606485381002,0.00015517391138056904,100.0,0.0,100.0,0.0,0.7377926166347016,0.004950502068043653,0.019523790040249907,5.35425664377008e-05,0.029511704665388067,0.00019802008272174252,0.30803033982413064,0.0016623283856369148,1.241498085193541,0.025663254249489616,0.0,0.0,0.0,0.0,0.0,0.0,0.0005667937962915431,0.00023672855023016264,0.27410656988504345,0.0008975141567824883,787.1412173079589,0.3348512504701908
assembly,observation_noise,candidate_sac,5,0.0694549415931561,5.9693848383664555e-05,0.07576358491148828,8.89757717833006e-05,0.12570684785991076,0.0012184619410594772,0.10835968621794538,0.0002633744604671666,10.21,0.11937336386313295,32.120000000000005,0.10368220676663956,0.6547632302603851,0.014536979279725,0.016203214013646768,0.0002683818844343021,0.026190529210415404,0.0005814791711890019,0.5018615826283261,0.0009526377150458074,1.361361132669522,0.019990352493803674,0.0,0.0,0.0,0.0,0.0,0.0,0.000910825564119475,0.00010900328240952828,0.27822421995806507,0.003654580914259619,-1322.2946912456173,1.0105743724013396
assembly,action_noise,ik,5,0.01289610997201989,0.00048261582996330635,0.015398103000764446,0.0005339972189236314,0.03658827119785643,0.002622328154759414,0.0292328065222155,0.0011461383984476858,95.95,1.8244862290518928,100.0,0.0,0.18054453665154546,0.0014085795657738536,0.005257439196708639,3.19410852700056e-05,0.007221781466061819,5.6343182630951946e-05,0.15991544669768804,0.001838844215826604,0.3907743873679431,0.020843221168309698,0.0,0.0,0.0,0.0,0.0,0.0,0.0002246715336397587,5.995978347985862e-05,0.0725709195190575,0.0013630484973057796,,
assembly,action_noise,clean_sac,5,0.008010428295522481,7.082444180581274e-05,0.00870291459621828,8.262775393444681e-05,0.013482078000123642,8.061748388004589e-05,0.012484807253656012,4.160499298453437e-05,100.0,0.0,100.0,0.0,0.23000432473740315,0.0014542781102806351,0.006690183294223703,2.5934893631414587e-05,0.009200172989496127,5.817112441122682e-05,0.2440667943939264,0.005077003518842304,1.2487535874117983,0.006299278634239811,0.0,0.0,0.0,0.0,0.0,0.0,0.0003742634293940077,3.643195074044576e-05,0.27698115004459395,0.002148704974267188,826.7580358641546,1.4097155026004016
assembly,action_noise,candidate_sac,5,0.06936447044107097,0.00019715437991963723,0.07567745223331243,0.0002970227643594736,0.12637959929488662,0.0038516025273469547,0.10884615725944598,0.0008983819962633137,10.18,0.13964240043768872,32.17,0.16046806535881364,0.4292193806361932,0.00450915014496153,0.011537751331037831,6.424165819657187e-05,0.01716877522544773,0.00018036600579846357,0.5024366375346858,0.0019428098672158891,1.384185773410967,0.035248074677344074,0.0,0.0,0.0,0.0,0.0,0.0,0.0008273238176914098,6.690821732490817e-05,0.27797546991496347,0.005347901974382302,-1309.4319329874552,4.661795917289802
assembly,noise,ik,5,0.012910059551157893,0.000489717929857549,0.015407146883590683,0.0005251163599088005,0.03654159095191548,0.0024552000820929456,0.02920788448333934,0.0011313346639122218,95.97,1.775035210918365,100.0,0.0,0.18100377158600267,0.0013008938469768407,0.005269442662517776,3.05631542918315e-05,0.007240150863440109,5.203575387907416e-05,0.1601172364803602,0.0019570191063929487,0.39129228201053395,0.021841099412573856,0.0,0.0,0.0,0.0,0.0,0.0,0.00022096878666157897,5.6956265228663754e-05,0.07059872010722756,0.0009201370548459881,,
assembly,noise,clean_sac,5,0.00866922879419477,5.692755543705639e-05,0.009269247099272444,5.752816999467187e-05,0.01592890346190299,0.00034024706186253453,0.013539995106626308,0.0001512873953290132,100.0,0.0,100.0,0.0,0.7737127272571842,0.009584629994996147,0.020521612756412615,0.000153530261909458,0.030948509090287374,0.00038338519979984315,0.3259013602108105,0.0023066001024312785,1.26614454948119,0.04506300577525166,0.0,0.0,0.0,0.0,0.0028571428571428567,0.0039123039821797575,0.0005052159128337826,0.00023858760041818315,0.2830412002571393,0.012587960712689568,784.7543059271893,0.7215740386015643
assembly,noise,candidate_sac,5,0.06947003571858408,0.00017310874170073062,0.0757776287555981,0.0002481765932688686,0.126918049681179,0.0028129803909099243,0.1088541529852604,0.0012639008486367079,10.209999999999999,0.10246950765959528,32.06,0.1635542723379625,0.7534767397208633,0.0071528498688476815,0.018369960929927258,0.00016716022104292728,0.030139069588834534,0.0002861139947539094,0.5110988366706881,0.0022893958608510828,1.369789561809279,0.010932846274239412,0.0,0.0,0.0,0.0,0.0,0.0,0.0009088045893298653,0.00012526793248346355,0.27735583976609635,0.005358752612811557,-1327.6469620988212,3.6215607608305924
assembly,unreachable,ik,5,0.22128164110017456,0.0,0.254357423117084,0.0,0.855029489640161,0.0,0.5360926425502265,0.0,0.0,0.0,0.0,0.0,0.0010845298821751466,0.0,0.0018669805120457854,2.42434975903054e-19,4.338119528700593e-05,0.0,0.1740894672677889,0.0,1.6454084291770268,0.0,0.0,0.0,0.0,0.0,0.0,0.0,0.15771963313226284,0.0,0.07117574032745325,0.0010471165667249416,,
assembly,unreachable,clean_sac,5,0.4352810274151936,0.0,0.44005430388976635,0.0,0.869176419446729,0.0,0.513249636322863,0.0,0.0,0.0,0.0,0.0,0.12925672827096665,0.0,0.019055376027049476,0.0,0.0052195212157503034,0.0,1.2571298192694813,0.0,8.532976355638562,0.0,55.3142857142857,7.944109290391274e-15,50.90714285714284,0.0,0.0,0.0,0.3730258334199408,0.0,0.2779663101711776,0.002286285151130518,-8754.808146561008,0.0
assembly,unreachable,candidate_sac,5,0.28534867597005403,0.0,0.3005468050485139,0.0,0.8538189668324707,1.2412670766236366e-16,0.5002978631806614,0.0,0.0,0.0,0.0,0.0,0.25017695731827927,0.0,0.023457524787907254,0.0,0.009962281494881218,0.0,1.527393015211298,0.0,5.991274811840223,0.0,5.4642857142857135,0.0,3.7428571428571416,0.0,0.0,0.0,0.18217061534210785,0.0,0.2763198002125137,0.0026205924242873567,-5734.226140627703,0.0
assembly,stress,ik,5,0.20525374563215112,0.03219105404457514,0.24127461005856624,0.027378649659338096,0.8389115588997346,0.03151230270561614,0.521519520444836,0.03542671078405029,0.0,0.0,0.0,0.0,0.1819554569002895,0.0013718629548638993,0.006245629800125196,2.7973077967955505e-05,0.007278218276011579,5.48745181945556e-05,0.25276784290422555,0.002554779709076845,1.6805287078201752,0.049777364256278066,0.0,0.0,0.0,0.0,0.0,0.0,0.14051272046327615,0.03132538898263866,0.07071468025678769,0.00029067973867318855,,
assembly,stress,clean_sac,5,0.4270894528488278,0.02245725338647758,0.43162983536360444,0.02253677575522346,0.8542911240165859,0.03858017565962206,0.5025084349456531,0.029494246130635966,0.0,0.0,0.0,0.0,0.5469018674219154,0.051804767548952586,0.0243766284058581,0.0037526965408043334,0.021501300423290293,0.002076316591066779,1.2592645213627012,0.26678385007003086,8.84951128791515,1.037343380894974,55.239999999999974,0.05040651075536466,50.297142857142845,0.8939222218825918,29.427142857142847,0.8898434854351784,0.3463483094331939,0.04421553281039303,0.2776424601383042,0.0009176406472278647,-8607.662200316476,447.30964832761333
assembly,stress,candidate_sac,5,0.2596048671768626,0.04843254602504215,0.2718410879578037,0.05062923069641025,0.8377018034311027,0.031505516152848426,0.39235093734387244,0.10659568919606711,0.0,0.0,0.0,0.0,0.43779950522414685,0.023161137081645296,0.024469990668738294,0.003651112220598584,0.01732015233375913,0.0008899034875368254,1.3847039299512531,0.28902020083112673,5.8834918870443875,0.08252931817457576,5.419999999999999,0.6040340576963712,4.305714285714284,0.8236832410779357,0.9557142857142857,0.3519044397189066,0.17205267204258007,0.022385573662584455,0.27688508009305224,0.0036682802448363455,-5227.061096343905,970.2170976960634
